ProductName,RetailPrice
Bebeto Cola 80G,351.5
Bebeto Ocean Park 80G,351.5
Bebeto Watermelon 80G,351.5
Bebeto Ice Cream 80G,351.5
Bebeto Lovely Fruits 80G,351.5
Bebeto Berries 70G,351.5
Bebeto Cherry 80G,351.5
Bebeto Worms 80G,351.5
Bebeto Funny Bears 80G,351.5
Bebeto Peach Rings 80G,351.5
Bebeto Fun Mix 80G,351.5
Bebeto Sour Worms 80G,351.5
Bebeto Dracoola Teeth 80G,351.5
Bebeto Hanging Mix 30G,180.5
Triotos Tortilla Chips Sweet Chilli 80Gm,575
Triotos Tortilla Chips Pizza 80Gm,575
Triotos Tortilla Chips Salted 80Gm,575
Triotos Tortilla Chips Cheese 80Gm,575
Triotos Tortilla Chips Pizza 20Gm,145
Triotos Tortilla Chips Sweet Chilli 20Gm,145
Triotos Tortilla Chips Cheese 20Gm,145
Poppin Taxos Original Potato Crisps 110G,446.5
Poppin Taxos Sour Cream & Onion Potato Crisps 110G,446.5
Poppin Taxos Extra Cheese Potato Crisps 110G,446.5
Poppin Taxos Bbq Potato Crisps 110G,446.5
Poppin Taxos Hot & Spicy Potato Crisps 110G,446.5
Poppin Taxos Tomato Potato Crisps 110G,446.5
Poppin Taxos Pizza Potato Crisps 110G,446.5
Poppin Taxos Paprika Potato Crisps 110G,446.5
Poppin Taxos Salt & Viniger Potato Crisps 110G,446.5
Poppin Taxos Maxican Jalapeno Potato Crisps 110G,446.5
Poppin Taxos Chilli & Lime Potato Crisps 110G,446.5
Poppin Taxos Cheese & Onion Potato Crisps 110G,446.5
Poppin Taxos Original Potato Crisps 45G,275.5
Poppin Taxos Sour Cream & Onion Potato Crisps 45G,275.5
Poppin Taxos Extra Cheese Potato Crisps 45G,275.5
Poppin Taxos Bbq Potato Crisps 45G,275.5
Poppin Taxos Hot & Spicy Potato Crisps 45G,275.5
Poppin Taxos Tomato Potato Crisps 45G,275.5
Poppin Gummy Jelly Bear Jar 8G,850
Poppin Gummy Jelly Watermelon Jar 8G,850
Poppin Gummy Jelly Soccer Jar 8G,850
Poppin Gummy Jelly Heroes Jar 8G,850
Poppin Gummy Jelly Peach Jar 8G,850
Poppin Gummy Jelly Grape Jar 8G,850
Poppin Gummy Jelly Strawberry Jar 8G,850
Poppin Gummy Jelly Happy Kitty Jar 8G,850
Poppin Gummy Jelly Mango Jar 8G,850
Poppin Gummy Jelly Earth Jar 8G,850
Poppin Gummy Jelly Egg Jar 8G,850
Poppin Gummy Jelly Bowling Jar 8G,850
Poppin Burger Jelly 9G Display,1672
Poppin Sandwich Jelly 9G Display,1672
Poppin Hot Dog Jelly 9G Display,1672
Poppin Waffle Cone Jelly 9G Display,1672
Poppin Burger Jelly 9G Box,1952.25
Poppin Burger Jelly 90G Bag,403.75
Poppin Sea World Jelly 8G Display,874
Poppin Gummy Cakes Jelly 28G Display,1952.25
Poppin Hot Dog Jelly 28G Display,1952.25
Poppin Giant Burger Jelly 18G Display,1752.75
Poppin Macaroon Jelly 15G Display,1752.75
Poppin Burger Jelly Multi Pack 168G,631.75
Poppin Pretty Patties Jelly 54G,432.25
Elvan Ibon Fruity Candy 148G,320.15
Elvan Toffix Chew 90G Strawberry,270.75
Elvan Toffix Chew 90G Apple,270.75
Elvan Toffix Chew 90G Orange,270.75
Elvan Toffix Chew 90G Cherry,270.75
Elvan Toffix Chew 90G Asorted,270.75
Jelaxy Teeth Jelly 80G,308.75
Jelaxy Fruit Mix Jelly 80G,308.75
Jelaxy Ringo Jelly 80G,308.75
Jelaxy Sour Worms Jelly 80G,308.75
Jelxy Bears Jelly 80G,308.75
Jelaxy Love Jelly 80G,308.75
Baida Rock Lollipop Strawberry 12G,41.8
Baida Rock Lollipop Grape 12G,41.8
Baida Rock Lollipop Sea Salt Lemon 12G,41.8
Baida Rock Popping Candy Strawberry 16G,163.4
Baida Rock Popping Candy Cola 16G,163.4
Baida Rock Popping Candy Orange 16G,163.4
Baida Rock Popping Candy Grape 16G,163.4
Baida Rock Popping Candy Seal Salt Lemon 16G,163.4
Baida Rock Popping Candy Lemonade 16G,163.4
Baida Rock Popping Candy Strawberry 30G,256.5
Baida Rock Popping Candy Cola 30G,256.5
Baida Rock Popping Candy Orange 30G,256.5
Baida Rock Popping Candy Grape 30G,256.5
Baida Rock Popping Candy Seal Salt Lemon 30G,256.5
Baida Rock Popping Candy Lemonade 30G,256.5
Foxs Fruit 90Gm,225
Foxs Berries 90Gm,225
Foxs Spring Tea 90Gm,225
Foxs Mint 90Gm,225
Foxs Fruity Mint 90Gm,225
Foxs Passionate Blend Cofee 90Gm,319.6
Foxs Creamy Blend Cofee 90Gm,319.6
Foxs Fruit 125Gm,319.6
Foxs Berries 125Gm,319.6
Foxs Mint Blossum 125Gm,319.6
Foxs Spring Tea 125Gm,319.6
Foxs Fruity Mint 125Gm,319.6
Foxs Fruit Tin 180Gm,580
Foxs Berries Tin 180Gm,580
Foxs Mint Tin 180Gm,580
Foxs Cofee Tin 180Gm,580
Herman Peanut Butter Chocolate 350Gm,1198.5
Herman Peanut Butter Honey 340Gm,1048.1
Herman Peanut Butter Creamy 340Gm,925.9
Herman Peanut Butter Crunchy 340Gm,925.9
Herman Peanut Butter Creamy 510Gm,1195.68
Herman Peanut Butter Crunchy 510Gm,1195.68
Herman Peanut Butter Creamy Sugar Free 340Gm,996.4
Herman Peanut Butter Crunchy  Sugar Free 340Gm,996.4
Herman Mustard Sauce 226Gm,526
Herman Pizza Sauce 380Gm,794
Herman Pasta Sauce 380Gm,794
Herman Hot Sauce 88Ml,277
Herman Hot Sauce 473 Ml,851
Herman Ranch Dressing 267Ml,893
Herman French Dressing 267Ml,893
Herman 1000 Island Dresing 267Ml,893
Herman Italiano Dressing 267Ml,893
Herman Ceasar Dressing 267Ml,893
Herman Lemon Juice Pet 946Ml,1048
Herman Lemon Juice Pet 473 Ml,696
Herman Pan Cake Syrup 709Ml,1199
Heinz Baked Beans,350
Heinz Farleys Rusk Orgional 120G,640
Heinz Farleys Rusk Banana 120G,640
Heinz Farleys Rusk Orange120G,640
Kikoman Soya Sauce 1 Ltr,1150
Sugar Free Blueberry Cookies 100Gm,498.2
Sugar Free Butter Cookies 100Gm,498.2
Sugar Free Cappuccino Cookies 100Gm,498.2
Sugar Free Oatmeal Almond Cookies 100Gm,498.2
Sugar Free Oatmeal Chocolate Cookies 100Gm,498.2
Sugar Free Oatmeal Sesame Cookies 100Gm,498.2
Cocao Chips Almond Butter Cookies 400Gm,1520
Rasbherry & Almond Butter Cookies 400Gm,1520
Blueberry & Almond Butter Cookies 400Gm,1520
Danish Style Butter Cookes(Gold) 400Gm,1520
Danish Style Butter Cookes(Red) 400Gm,1520
K. Harrodson Gift Set 400Gm,1900
Best Day Classic Instant Coffee Jar 50G,555
Best Day Classic Instant Coffee Jar 100G,1030
Best Day Classic Instant Coffee Jar 200G,1825
Bon Aroma Classic Coffee 50Gm,835
Bon Aroma Classic Coffee 100Gm,1500
Bon Aroma Classic Coffee 200Gm,2360
Bon Aroma Gold Coffee 50Gm,1075
Bon Aroma Gold Coffee 100Gm,2035
Bon Aroma Instant Coffee 3 In 1 2 Gm,29
Nescafe Classic Coffee 50Gm,750
Nescafe Classic Coffee 100Gm,1520
Nescafe Orgional Extra Forte Coffee 100Gm,1520
Nescafe Tradicao Red Coffee 100Gm,1520
Nescafe Classic Coffee 95Gm Powder,1520
Nescafe Classic Coffee 200Gm,2400
Nescafe Orgional Extra Forte 200Gm,2200
Nescafe Tradicao Coffee 200Gm Red,2200
Nescafe Matinal Coffee 200Gm,2200
Nescafe Classic Coffee 2Gm Sachet (100Pcs Sheet),1600
Nescafe Gold Coffee 50Gm,950
Nescafe Gold Coffee 100Gm,1485
Best Day Mushroom Whole Tin,335
Best Day Mushroom Pieces & Slice Tin,325
Best Day Straw Mushroom,510
Best Day Sweet Corn Tin,300
Best Day Sweet Corn Tin,625
Best Day Baby Corn Tin,330
Best Day Fruit Cocktail 227Gm,295
Best Day Fruit Cocktail 850Gm,550
Best Day Tomato Paste 210Gm,370
Best Day Tomato Paste 400Gm,535
Best Day Tomato Paste 800Gm,290
Best Day Black Olive Slice A 10 3Kg,2160
Best Day Green Olives Slice A 10 3Kg,2235
Best Day Slice Green Jalapeno Pepper A 9 2500Gm,1330
Best Day Mushroom Whole Tin 2500Gm,2200
Best Day Mushroom Pieces & Slice Tin 2500Gm,1600
Best Day Dry Mushroom 3Kg,15000
Best Day Sweet Corn Tin 2500Gm,1725
Best Day Pineapple Slices 3Kg,2500
Best Day Pineapple Broken Slice 3Kg,2000
Nutella Chocolate Spread 350Gm,1600
Fusion Bubble Gum 60Pcs Pack,1040
Trident 14'S Usa Bubble Gum,322.92
Trident 14'S Usa Tropical Twist,322.92
Trident 14'S Usa Pepper Mint,322.92
Trident 14'S Usa Cinamon,322.92
Trident 14'S Usa Spear Mint,322.92
Trident 14'S Usa Berry Lime,322.92
Trident 14'S Usa Orgional,322.92
Trident 14'S Usa Water Melon,322.92
Coco Royal Coconut Milk 290Ml Chocolate,375
Coco Royal Coconut Milk 290Ml Papaya,375
Coco Royal Coconut Milk 290Ml Mango,375
Coco Royal Coconut Milk 290Ml Banana,375
Coco Royal Coconut Milk 290Ml Melon,375
Coco Royal Coconut Milk 290Ml Orgional,375
Coco Royal Coconut Milk 290Ml Strawberry,375
Coco Royal Coconut Milk 290Ml Pineapple,375
Coco Royal Coconut Water 100 % Pure,430
Kato Nata D Coco 320Ml Coconut,280
Kato Nata D Coco 320Ml Grape,280
Kato Nata D Coco 320Ml Peach,280
Kato Nata D Coco 320Ml Lychee,280
Kato Nata D Coco 320Ml Orange,280
Kato Nata D Coco 320Ml Mango,280
Kato Nata D Coco 320Ml Melon,280
Kato Nata D Coco 320Ml Strawberry,280
Fresa Fresher Lemon Flavour Drink 200Ml,280
Fresa Fresher Lemon Mint Flavour Drink 200Ml,280
Fresa Fresher Pineapple Flavour Drink 200Ml,280
Fresa Fresher Forest Fruit Drink 200Ml,280
Fresa Fresher Mandarin Flavour Drink 200Ml,280
Fresa Fresher Watermellon Strawberry Flavour Drink 200Ml,280
Fresa Fresher Strawberry Flavour Drink 200Ml,280
Fresa Fresher Apple Flavour Drink 200Ml,280
Fresa Fresher Mineral Water 200Ml,280
Italiano Basil Seeds Drink Water Melon,131.6
Italiano Basil Seeds Drink Coconut,131.6
Italiano Basil Seeds Drink Lychee,131.6
Italiano Basil Seeds Drink Peach,131.6
Italiano Basil Seeds Drink Apple,131.6
Italiano Basil Seeds Drink Mango,131.6
Italiano Basil Seeds Drink Orange,131.6
Italiano Basil Seeds Drink Pineapple,131.6
Italiano Basil Seeds Drink Guava,131.6
Italiano Basil Seeds Drink Cocktail,131.6
Italiano Basil Seeds Drink Lemon,131.6
Italiano Basil Seeds Drink Rose,131.6
Italiano Basil Seeds Drink Pomegernate,131.6
Italiano Basil Seeds Drink Strawberry,131.6
Italiano Basil Seeds Drink Melon,131.6
Italiano Basil Seeds Drink Coconut Water With Cubes,275
Italiano Lemonade 320Ml,180
Coco Refresh Nata D Coco 320Ml Pineapple,180
Coco Refresh Nata D Coco 320Ml Orange,180
Coco Refresh Nata D Coco 320Ml Peach,180
Coco Refresh Nata D Coco 320Ml Coconut Orgional,180
Coco Refresh Nata D Coco 320Ml Lychee,180
Coco Refresh Nata D Coco 320Ml Mango,180
Coco Refresh Nata D Coco 320Ml Strawberry,180
Pearce Duff Baking Powder 56Gm,115
Pearce Duff Baking Powder 110Gm,160
Pearce Duff Baking Powder 260Gm,210
Pearce Duff Baking Powder 350Gm,260
Sasso Pure Olive Oil Tin 100Ml,885
Sasso Pure Olive Oil Tin 200Ml,1495
Sasso Pure Olive Oil Tin 400Ml,2700
Sasso Pure Olive Oil Tin 1Ltr,6780
Sasso Extra Virgin Tin 1Ltr,5901.32
Cbc Coconut Oil Tin 400Gm,790
Cbc Coconut Oil Tin 680Gm,1080
Wells Almond Oil 250Ml Bottle,965
Al Quds Pomace 100Ml Tin With 10Ml Free,430
Altivio Pure Ev Olive Oil 100Ml Tin,420
Figaro Olives Plain Green 85Gm/142Gm,555
Figaro Olives Plain Black 85Gm/142Gm,555
Figaro Olives Green Stuffed 85Gm/ 142Gm,555
Figaro Olives Pitted Black 70Gm/142Gm,555
Figaro Olives Pitted Green 70Gm/142Gm,555
Figaro Olives Plain Green140Gm/ 244Gm,860
Figaro Olives Plain Black 140Gm/244Gm,860
Figaro Olives Green Stuffed 140Gm/244Gm,860
Figaro Olives Pitted Black 110Gm/244Gm,675
Figaro Olives Pitted Green 110Gm/244Gm,675
Figaro Olives Sliced Green 130Gm/244Gm,800
Figaro Olives Sliced Black 130Gm/244Gm,800
Figaro Olives Plain Green 200Gm/340Gm,1050
Figaro Olives Plain Black 200Gm/340Gm,1050
Figaro Olives Green Stuffed200Gm/ 340Gm,1050
Figaro Olives Pitted Black160Gm/340Gm,905
Figaro Olives Pitted Green 160Gm/ 340Gm,905
Figaro Green Slices 180Gm/340Gm,950
Figaro Olives Sliced Black 180Gm/340Gm,950
Figaro Olives Plain Green270Gm/ 450Gm,1300
Figaro Olives Plain Black 270Gm/450Gm,1300
Figaro Olives Green Stuffed 270Gm/450Gm,1280
Figaro Olives Pitted Black 212Gm/450Gm,1135
Figaro Olives Pitted Green 212Gm/450Gm,1135
Figaro Ollives Sliced Green 230Gm/450Gm,1170
Figaro Olives Sliced Black 230Gm/450Gm,1170
Figaro Olives Plain Green 575Gm/935Gm,2180
Figaro Olives Plain Black 575Gm/935Gm,2180
Figaro Olives Green Stuffed 575Gm/935Gm,2265
Figaro Olives Pitted Black 450Gm/935Gm,2090
Figaro Olives Pitted Green 450Gm/935Gm,2090
Figaro Olives Sliced Green 480Gm/935Gm,2180
Figaro Olives Sliced Black 480Gm/935Gm,2180
Giant Pop Angrey Bird 6Pcs Tray,525
Doremon 18Pcs Box,95
Doreme 18Pcs Box,95
Clackers 18 Pcs Box,155
Super Hero Jambo Ball 18Pcs Box,155
Super Hero 24Pcs Box,85
Choco Bites 6 Pcs Box,86
Chu Chu Cup Str 10Pcs Box,145
Chu Chu Cup Vanilla 10Pcs Box,145
Chu Chu Cup Choc 10Pcs Box,145
Choco Mania Wafer Sticks Chocolate 6Pcs Box,103
Choco Mania Wafer Sticks Strawberry 6 Pcs Box,103
Choco Mania Wafer Sticks Vanilla 6 Pcs Box,103
Junior Stick Chocolate 10 Pcs Box,73
Junior Stick Strawberry 10 Pcs Box,73
Junior Stick Orange 10 Pcs Box,73
Junior Stick Vanilla 10 Pcs Box,73
Junior Stick Banana 10 Pcs Box,73
Frozen 18Pcs Box,155
Justice 18Pcs Box,155
Baby Shark 18Pcs Box,155
Apple Surprise 18Pcs Box,82
Squrio Gift Egg 12 Pcs Box,82
Mimo Gift Egg 12Pcs Box,82
Motu Patlu 18 Pcs Box,82
Charlie 18 Pcs Box,82
Barbe Doll Egg 24 Pcs Box,53
Crazey Car Egg 24 Pcs Box,53
Dinosor Egg 24Pcs Box,53
Shanu Surprize Egg 12 Pcs Box,36
Tape Bubble Gum 12 Pcs Box,52
Pokemon Box Choco Balls 18 Pcs Box,44
Surprize Ball Box Choco 18 Pcs Box,44
Angry Bird Box Choco Balls 18 Pcs Box,44
Monster 18 Pcs Box,44
Psl 18Pcs Box,44
Wolrd Cup 18Pcs Box,44
Skull Pop 30G 30 Pcs Box,38
Twirl Pop Round 30G 30 Pcs Box,38
Twirl Pop Heart 30G 30 Pcs Box,38
Twirl Pop Twister 30G 30 Pcs Box,38
Sweet Pop 80G 20 Pcs Box,85
Hello Kitty Surprise Pop Heart 18Pcs Box,86
Shanu Surprise Pop 16Pcs Box,75
American Hervest Peanut Butter Creamy 340Gm,740
American Hervest Peanut Butter Crunchy 340Gm,740
American Hervest Peanut Butter Creamy 510Gm,988
American Hervest Peanut Butter Crunchy 510Gm,988
American Green Pie Filling Strawberry 595Gm,1025
American Green Pie Filling Blueberry 595Gm,1025
Nutri Bakers G/Free Blueberry Butter Cookies 180Gm,400
Nutri Bakers G/Free Chocolate Butter Cookies 180Gm,400
Nutri Bakers G/Free Cranberry Raisin Butter Cookies 180Gm,400
Nutri Bakers G/Free Dark Chocolate Chip Butter Cookies 180Gm,400
Nutri Bakers G/Free Multi Seed Butter Cookies 180Gm,400
Nutri Bakers G/Free Strawberry Butter Cookies 180Gm,400
Zeal Pack Garbage Bag Small Roll-35Pc,210
Zeal Pack Garbage Bag Large Roll-22Pc,210
Zeal Pack Garbage Bag Xl Roll-14Pc,210
Zeal Pack Garbage Bag 2Xl Roll-07Pc,240
Zeal Pack Aqua Chlorine Tablet,220
Tommy Cat Liter 5 Ltr,870
Tommy Cat Liter 8 Ltr,1215
Tommy Cat Liter 16 Ltr,1950
Italiano Jelly Mango 80Gm,115.71*
Italiano Jelly Banana 80Gm,115.71*
Italiano Jelly Orange 80Gm,115.71*
Italiano Jelly Strawberry 80Gm,115.71*
Italiano Jelly Lychee 80Gm,115.71*
Italiano Jelly Pineapple 80Gm,115.71*
Italiano Jelly Raspberry 80Gm,115.71*
Italiano Custard Vanilla 275Gm,141.42*
Italiano Custard Banana 275Gm,141.42*
Italiano Custard Strawberry 275Gm,141.42*
Italiano Custard Mango 275Gm,141.42*
Italiano Custard Vanilla 120Gm,87.42*
Italiano Custard Banana 120Gm,87.42*
Italiano Custard Mango 120Gm,87.42*
Italiano Custard Strawberry 120 Gm,87.42*
Italiano Cooking Chocolate Dark 200Gm,415
Italiano Cooking Chocolate Milk 200Gm,415
Italiano Cooking Chocolate White 200Gm,415
Italiano Cooking Chocolate Unswetened 100Gm,415
Italiano Cooking Chocolate Dark 500Gm,885
Italiano Cooking Chocolate White 500Gm,885
Italiano Cooking Chocolate Unsweetened 300Gm,885
Italiano Cooking Chocolate Milk 500Gm,885
Italiano Cooking Chocolate Dark 1Kg,1575
Italiano Cocoa Powder 50Gm,180
Italiano Cocoa Powder 100Gm,355
Italiano Cocoa Powder 200Gm,700
Italiano Fruit Sugar 200Gm *10.5Oz,485
Italiano Icing Sugar 300Gm,153
Italiano Icing Sugar 100Pcs Sachet,282
Italiano Icing Sugar 1Kg Bag,375
Italiano Brown Sugar 300Gm,153
Italiano Brown Sugar 100Pcs Sachet,282
Italiano Brown Sugar Pouch 600Gm,245
Italiano Brown Sugar Pouch 600Gm Granarted,245
Italiano Caster Sugar 300 Gm,148
Italiano Jaggery Sugar 300Gm,195
Italiano Sesame Oil Blended & Toasted 250 Ml Pet Bottle,655
Italiano Sesame Oil Blended & Toasted 500 Ml Glass Bottle,1000
Italiano Almond Oil 225Ml (246Gm) Pet Bottle,510
Italiano Coconut Milk Powder 300Gm Box,580
Italiano Baking Powder 100Gm,135
Italiano Baking Powder 50Gm,85
Italiano Baking Powder 220Gm,285
Italiano Baking Powder Jar  130Gm,235
Italiano Baking Soda 100 Gm,88
Italiano Baking Soda Jar 170Gm,210
Italiano Bread Improver 30Gm,310
Italiano Gelatine Powder 50Gm,200
Italiano Instant Yeast Powder 22Gm,98
Italiano:Instant Yeast 20S Sachet,910
Italiano Mustard Powder 100Gm,160
Italiano Pancake Mix Pour & Shake 240Gm,300
Italiano Shell Choc Toping 280Gm,885
Italiano Pistachio Toping 270Gm,1575
Magic Whip 70Gm,330
Delicatecy Cr√®me Caramel 70Gm,110
Italiano Tahina Sauce 720Gm,1750
Italianio Lava Cake 200Gm,600
Italiano Brownies Dark Chocolate Fudge 519Gm,500
Italiano Brownies Traditional 519Gm,500
Italiano Brownies Milk Chocolate Fudge 519Gm,500
Italiano Donut Cake Mix 420Gm,500
Italiano Pound Cake Mix,500
Italiano Marble Cake Mix,500
Italiano Coconut Cake Mix 450Gm,500
Italiano Cake Mix Milk Chocolate 435Gm,500
Italiano Cake Mix Chocolate Fudge 435 Gm,500
Italiano Cake Mix Dark Chocolate 435Gm,500
Italiano Whole Wheat Pan Cake Mix 450Gm,500
Italiano Pan Cake Mix 450Gm,500
Italiano Red Velvet Cake 450Gm,500
Italiano Chocooate Chip Cookies Mix 460Gm,500
Italiano Self Raising Flour 400Gm,190
Italiano Chocolate Dessert 90Gm,135
Italiano Drinking Chocolate 180Gm Box,275
Italiano Drinking Chocolate Jar 200Gm,540
Italiano Pudding Mix Chocolate 100Gm,125
Italiano Pudding Mix Strawberry 85Gm,125
Italiano Pudding Mix French Vanilla 90Gm,125
Italiano Choc Chip Box 85 Gm,270
Italiano White Chip Box 85Gm,270
Italiano Vanilla & Choc Chip Box 85Gm,270
Italiano White Chip Box 500Gm,825
Italiano Vanilla & Choc Chip Box 500Gm,825
Italiano Choc Chip Box 500 Gm,825
Italiano Sprinkles Pouch 275Gm,260
Italiano Sprinkle Jar 100Gm,185
Italiano Glaced Cherries 80Gm,220
Italiano Glucose Syrup 400Ml,365
Italiano Cake Mate 15Gm Silver,305
Italiano Cake Mate 15Gm  Golden,305
Italiano Zaffran 0.5Gm,565
Italiano Food Color Rose Pink 10Gm,185
Italiano Food Color Alura Red 10G,185
Italiano Food Color Black 10Gm,185
Italiano Food Color Royal Blue 10Gm,185
Italiano Food Color Leaf Green 10Gm,185
Italiano Food Color Blue Bery Purple 10G,185
Italiano Food Color Zarda Yellow 10G,185
Italiano Vanilla Powder 10G,185
Italiano Food Color Biryani 10G,185
Italiano Food Color Liquid 25Ml Red,145
Italiano Food Color Liquid 25Ml Blue,145
Italiano Food Color Liquid 25Ml Green,145
Italiano Food Color Liquid 25Ml Yellow,145
Italiano Food Color Liquid 25Ml Orange,145
Italiano Food Color Liquid 25Ml Black,145
Italiano Food Color Liquid 25Ml Zarda,145
Italiano Food Color Liquid 25Ml Brown,145
Italiano Food Color Liquid 25Ml Pink,145
Italiano Food Color Liquid 25Ml Purple,145
Italiano Food Color Liquid 25Ml Biryani,145
Italiano Food Color Liquid 25Ml Vanilla Esence,145
Italiano Corn Starch 135Gm,140
Italiano Cornflour G/Free 900Gm,395
Italiano Cornflour G/Free 300Gm,150*
Italiano Cornflour G/Free 100Gm,98
Italiano Rice Flour G/Free 300Gm,150*
Italiano Bread Crumbs Orange 250Gm,220
Italiano Bread Crumbs Special 200Gm,220
Italiano Bread Crumnbs Plain 250Gm,220
Italiano Bread Crumbs Spiced 170Gm,290
Italaino Tempura Flour Plain 200Gm,165
Italaino Tempura Flour Spicy 200Gm,165
Italiano Prawn Crackers 150Gm,185
Italiano Fish Crackers 150Gm,185
Italiano Fried Onion 200Gm,290
Italiano Fried Onion 400Gm,490
Italiano Fried Onion 600Gm,755
Italiano Green Chilli Powder 70Gm,195
Italiano Tomato Powder 65Gm,670
Italiano Chieves Spring Onion 12Gm,280
Italiano Turmic G/Gree 90Gm,150
Italiano Fajita Seasoning Mix 86Gm,275
Italiano Red Chilli Pepper Powder 70Gm,190
Italiano Smoked Paprika 60Gm,340
Italiano Pink Peppercorn 35Gm Gluten Free,465
Italiano Celery Salt 140Gm,245
Italiano Coarse Sea Salt Organic 150Gm,125
Italiano Tajina Seasoning 120Gm,815
Italiano Peri Peri Seasoning 75Gm,335
Italiano Pasta Seasoning 40Gm,315
Italiano Pizza Seasonning 70Gm,315
Italiano Spice Permesan & Herb 80Gm,815
Italiano Khattai Powder 90Gm,190
Italiano Kashmiri Chilli Powder 85Gm,295
Italiano Red Pepper Crushed 65Gm,190
Italiano Basil Leaves 25Gm,195
Italiano Bay Leaves 15Gm,140
Italiano Black Pepper 75Gm,410
Italiano Black Salt 150Gm,125
Italiano Cajun Seasooning 80Gm,530
Italiano Cardamom Powder 30Gm,465
Italiano Cayenne Pepper 70Gm,465
Italiano Cinnamon Powder 70Gm,255
Italiano Cinnamon Stick 30Gm,345
Italiano Clove Powder 75Gm,490
Italiano Cream Of Tartar 100Gm,365
Italiano Cumin Powder 90Gm,350
Italiano Five Spice Powder 65Gm,275
Italiano Fried Onion Powder 80Gm,170
Italiano Garam Masala Jar 70Gm,375
Italiano Garlic Flakes 50Gm,280
Italiano Garlic Powder 70Gm,325
Italiano Garlic Salt 90Gm,325
Italiano Ginger Powder 60Gm,325
Italiano Hing Powder 70Gm,495
Italiano Italian Seasoning 30Gm,215
Italiano Lemon Salt 100Gm,185
Italiano Lemongrass Spice 30Gm,225
Italiano Mace Powder 60Gm,405
Italiano Marjoram Leaves 15Gm,205
Italiano Meat Tenderizer 100Gm,195
Italiano Mint Powder75Gm,305
Italiano Mixed Herbs 30Gm,205
Italiano Nutmeg Powder 60Gm,405
Italiano Onion Powder 60Gm,315
Italiano Orange Peel Powder 70Gm,225
Italiano Oregano Leaf Powder 50Gm,185
Italiano Oregano Leaves 35Gm,185
Italiano Paprica Powder 85Gm,355
Italiano Parmesan Powder 80Gm,815
Italiano Chedar Cheese Powder 75Gm,595
Italiano Parsley 20Gm,295
Italiano Pomeg Seeds Dried (Anardana) Powder 80Gm,300
Italiano Rosemary Leaves 25Gm,195
Italiano Sage Leaves 40Gm,255
Italiano Salt & Pepper 70Gm,240
Italiano Sumac Spice Powder 70Gm,465
Italiano Terragon Herbs 20Gm,380
Italiano Thyme Leaves 30Gm,195
Italiano Wasabi 70Gm,395
Italiano White Pepper Powder 70Gm,485
Italiano White Pepper Whole 70Gm,485
Italiano Zaatar Spice Blend 50Gm,310
Italiano Bbq Coal (Koyla) 2 Kg Bag,450
Earth Coconut Oil Organic Bio 310Ml,1100
Earth Coconut Oil Organic Bio 500Ml,1500
Earth Virsion Coconut Oil 130Ml,560
Earth Virsion Coconut Oil 260Ml,925
Earth Desi Ghee 550Gm,1300
Earth Mct Oil Oz(270 Ml),1775
Earth Mct Oil 4 Oz(120Ml),1275
Earth Tea Tree Oil 25Ml,820
Earth Argan Oil 40Ml (Morocco),1875
Earth Sweet Almond Oil Pure 30Ml,400
Earth Kalonji Oil Pure 30Ml,400
Earth Basil Seed G/Free 200Gm,295
Earth Chia Seed 275Gm,1160
Earth Flaxseed G/Free 225Gm,285
Earth Super 6 Seeds 200Gm,975
Earth Sunflower Seeds 85Gm,290
Earth Sunflower Seeds Roasted 85Gm,290
Earth Red Quinoa Organic 250Gm,850
Earth White Quinoa Organic 250Gm,850
Earth Black Quinoa Organic 250Gm,850
Earth Tri Color Quinoa Organic 250Gm,850
Earth Pumpkin Seed G/Free 150Gm,925
Earth Chia Seed 125Gm,630
Earths Self Raising Flour Organic/ Glutten Free 500Gm,700
Earth Almond Flour 180Gm (G/Free),950
Earth Coconut Flour Organic 175Gm G/Free,1020
Earth Coconut Flour Regular 450Gm,1020
Earth Flaxseed Flour G/Free 400Gm,505
Earth Almond Flour Raw 370Gm(G/Free),1170
Earth Rice Flour G/Free 275Gm,165
Earth Rice Flour G/Free 500Gm,230
Earth Brown Rice Flour W/Grain 235Gm,295
Earth Gluten Free Flour Blend 500Gm,575
Earth Semolina Flour 300Gm,425
Earth Tapioca Flour 265Gm,525
Earth Potato Starch G/Free 180Gm,255
Earth'S Sun Dried Tomatoes 60Gm,475
Earth'S Dried Chikoo Chips 65Gm,475
Earth'S Dried Lemon Slices 30Gm,735
Earth'S Dried Mango Chunks 75Gm,475
Earth'S Organic Cacao Nibs 120Gm,500
Earth Baking Powder G/Free 250Gm,340
Earth Black Seed (Kalonji Powder) 170Gm,415
Earth Moringa Leaf Powder 100Gm,770
Earth Organic Coconut Sugar 250Gm,600
Earth Xanthan Gum 125Gm,1000
Earth Ashwagandha Powder 100Gm,985
Earth Wheatgrass Powder 120Gm,1220
Earth Spanish Powder G.Free 200Gm,500
Earth Ispaghol Black Seed 75Gm,770
Earth Halim Seed 220Gm,485
Earth Lucuma Powder Sweetener 190Gm,1060
Earth Lucuma Powder Sweetener 100Gm Small Pack,810
Earth Hibiscus Flowers G/Free 25Gm,450
Earth Barley Grass Powder 100Gm,1075
Earth Rolled Wheat 300Gm,325
Earth Rolled Barley 300Gm,450
Earth Psyllium Husk Powder 150Gm,1125
Earth Steel Cut Barley 500Gm,360
Earth Epsom Salt 750Gm,520
Earth Epsom Salt 300Gm,300
Earth Pink Salt 400Gm,60
Earth Pink Salt 800Gm,168
Earth Sea Salt 800Gm,168
Earth Pink Salt 800Gm Ground Jar,188
Earth Pink Salt 800Gm Graunless Jar,188
Earth Flaxseed G/Free 300Gm Jar,390
Earth Chia Seed 350Gm Jar,1495
Earth Sunflower Seed 150Gm Jar,360
Earth Basil Seed G/Ffree 290Gm Jar,475
Earth Kalonji Seed G/Free 260Gm Jar,475
Earth Black Seed(Kalonji Powder) 190Gm Jar,455
Earth Morings Leaf Powder 150Gm Jar,1085
Earth Organic Neem Leaf Powder 175Gm Jar,465
Earth Senna Leaves 45Gm Jar,195
Earth Senna Makki Powder Organic 160Gm Jar,345
Cbc Coconut Oil Tin 400Gm,790
Cbc Coconut Oil Tin 680Gm,1080
Figaro Olives Plain Green 85Gm/142Gm,555
Figaro Olives Plain Black 85Gm/142Gm,555
Figaro Olives Green Stuffed 85Gm/ 142Gm,555
Figaro Olives Pitted Black 70Gm/142Gm,555
Figaro Olives Pitted Green 70Gm/142Gm,555
Figaro Olives Plain Green140Gm/ 244Gm,860
Figaro Olives Plain Black 140Gm/244Gm,860
Figaro Olives Green Stuffed 140Gm/244Gm,860
Figaro Olives Pitted Black 110Gm/244Gm,675
Figaro Olives Pitted Green 110Gm/244Gm,675
Figaro Olives Sliced Green 130Gm/244Gm,800
Figaro Olives Sliced Black 130Gm/244Gm,800
Figaro Olives Plain Green 200Gm/340Gm,1050
Figaro Olives Plain Black 200Gm/340Gm,1050
Figaro Olives Green Stuffed200Gm/ 340Gm,1050
Figaro Olives Pitted Black160Gm/340Gm,905
Figaro Olives Pitted Green 160Gm/ 340Gm,905
Figaro Green Slices 180Gm/340Gm,950
Figaro Olives Sliced Black 180Gm/340Gm,950
Figaro Olives Plain Green270Gm/ 450Gm,1300
Figaro Olives Plain Black 270Gm/450Gm,1300
Figaro Olives Green Stuffed 270Gm/450Gm,1280
Figaro Olives Pitted Black 212Gm/450Gm,1135
Figaro Olives Pitted Green 212Gm/450Gm,1135
Figaro Ollives Sliced Green 230Gm/450Gm,1170
Figaro Olives Sliced Black 230Gm/450Gm,1170
Figaro Olives Plain Green 575Gm/935Gm,2180
Figaro Olives Plain Black 575Gm/935Gm,2180
Figaro Olives Green Stuffed 575Gm/935Gm,2265
Figaro Olives Pitted Black 450Gm/935Gm,2090
Figaro Olives Pitted Green 450Gm/935Gm,2090
Figaro Olives Sliced Green 480Gm/935Gm,2180
Figaro Olives Sliced Black 480Gm/935Gm,2180
Italiano Green Chilli Powder 70Gm,195
Italiano Tomato Powder 65Gm,670
Italiano Chieves Spring Onion 12Gm,280
Italiano Turmic G/Gree 90Gm,150
Italiano Fajita Seasoning Mix 86Gm,275
Italiano Red Chilli Pepper Powder 70Gm,190
Italiano Smoked Paprika 60Gm,340
Italiano Pink Peppercorn 35Gm Gluten Free,465
Italiano Celery Salt 140Gm,245
Italiano Coarse Sea Salt Organic 150Gm,125
Italiano Tajina Seasoning 120Gm,815
Italiano Peri Peri Seasoning 75Gm,335
Italiano Pasta Seasoning 40Gm,315
Italiano Pizza Seasonning 70Gm,315
Italiano Spice Permesan & Herb 80Gm,815
Italiano Khattai Powder 90Gm,190
Italiano Kashmiri Chilli Powder 85Gm,295
Italiano Red Pepper Crushed 65Gm,190
Italiano Basil Leaves 25Gm,195
Italiano Bay Leaves 15Gm,140
Italiano Black Pepper 75Gm,410
Italiano Black Salt 150Gm,125
Italiano Cajun Seasooning 80Gm,530
Italiano Cardamom Powder 30Gm,465
Italiano Cayenne Pepper 70Gm,465
Italiano Cinnamon Powder 70Gm,255
Italiano Cinnamon Stick 30Gm,345
Italiano Clove Powder 75Gm,490
Italiano Cream Of Tartar 100Gm,365
Italiano Cumin Powder 90Gm,350
Italiano Five Spice Powder 65Gm,275
Italiano Fried Onion Powder 80Gm,170
Italiano Garam Masala Jar 70Gm,375
Italiano Garlic Flakes 50Gm,280
Italiano Garlic Powder 70Gm,325
Italiano Garlic Salt 90Gm,325
Italiano Ginger Powder 60Gm,325
Italiano Hing Powder 70Gm,495
Italiano Italian Seasoning 30Gm,215
Italiano Lemon Salt 100Gm,185
Italiano Lemongrass Spice 30Gm,225
Italiano Mace Powder 60Gm,405
Italiano Marjoram Leaves 15Gm,205
Italiano Meat Tenderizer 100Gm,195
Italiano Mint Powder75Gm,305
Italiano Mixed Herbs 30Gm,205
Italiano Nutmeg Powder 60Gm,405
Italiano Onion Powder 60Gm,315
Italiano Orange Peel Powder 70Gm,225
Italiano Oregano Leaf Powder 50Gm,185
Italiano Oregano Leaves 35Gm,185
Italiano Paprica Powder 85Gm,355
Italiano Parmesan Powder 80Gm,815
Italiano Chedar Cheese Powder 75Gm,595
Italiano Parsley 20Gm,295
Italiano Pomeg Seeds Dried (Anardana) Powder 80Gm,300
Italiano Rosemary Leaves 25Gm,195
Italiano Sage Leaves 40Gm,255
Italiano Salt & Pepper 70Gm,240
Italiano Sumac Spice Powder 70Gm,465
Italiano Terragon Herbs 20Gm,380
Italiano Thyme Leaves 30Gm,195
Italiano Wasabi 70Gm,395
Italiano White Pepper Powder 70Gm,485
Italiano White Pepper Whole 70Gm,485
Italiano Zaatar Spice Blend 50Gm,310
Crisp On Speed Starch,404.2
Crisp On Double Starch,404.2
Laquila Fresh Touch Hanger Duck 50G,150.4
Laquila Fresh Touch Hanger Duck 80G,209.62
Laquila Fresh Touch Refil 50G (8 Flvr),114.68
Laquila Fresh Touch  Refil 80G (8 Flvr),150.4
Bouquet Air Freshner 300Ml,230
Jasmine Air Freshner 300Ml,230
Lavender Air Freshner 300Ml,230
Ocean Air Freshner 300Ml,230
Rose Air Freshner 300Ml,230
Sandal Wood Air Freshner 300Ml,230
Asal Air Freshner 300Ml,230
Do It Perfume 300Ml,230
Blue Lady Perfume 300Ml,230
Florance Perfume 300Ml,230
Mark X Perfume 300Ml,230
Ferari Black Perfume,230
Aroosa Perfume,230
Charming Perfume,230
Dirham Perfume,230
Sabaya Perfume,230
Silva Perfume,230
Pure Romance Perfume,230
Shalley Perfume,230
Secrecy Perfume,230
Lighter Refil 280Ml,250
Hair Spray 300Ml,320
Shock Fragrance Handwash,250
Mandarin Fragrance Handwash,250
Rose Petal Fragrance Handwash,250
Cool Breeze Fragrance Handwash,250
Blue Lady Fragrance Handwash,250
Apple Fragrance Handwash,250
Lemon Fragrance Handwash,250
Lavender Fragrance Handwash,250
Charcoal Mint Handwash,250
Glass Cleaner 500Ml,310
Lotion Admire 250Ml,260
Lotion Admire 400Ml,355
Tox Insectisde 400Ml,255
Best Day Classic Instant Coffee Jar 50G,585
Best Day Classic Instant Coffee Jar 100G,1085
Best Day Classic Instant Coffee Jar 200G,1920
Best Day Green Jalapeno Pepper Slice,695
Best Day Green Jalapeno,543
Best Day Red Jalapeno Pepper Slice,695
Best Day Red Roasted Pepper,827
Best Day Pickled Chilli Pepper,695
Best Day Hot Chilli Pepper,695
Best Day Mini Gherkins,695
Best Day Sliced Gherkins,695
Best Day Jalapeno Olive Salad,695
Best Day Mixed Pickled,695
Best Day Mixed Pickled,1106
Best Day Green Jalapeno Pepper Slice,1106
Best Day Mini Gherkin,1106
Best Day Sliced Gherkins,1106
Best Day Pickled Chilli Pepper,1106
Best Day Sundried Tomato In Oil,1106
Best Day Peperoncini,695
Best Day Cherry Peppers,827
Best Day Garlic Salad,695
Best Day Garlic In Cloves,780
Best Day Sambal Oelek Sauce,550
Best Day Red Pesto Sauce Italy,1025
Best Day Green Pesto Sauce Italy,1025
Best Day Chopped Tomatos Italy,480
Best Day Peeled Tomatos Italy,480
Best Day Green Peas Tin,337
Best Day Baked Beans Tin,337
Best Day Broad Beans Tin,337
Best Day Chick Peas Tin,337
Best Day Red Kidney Beans Tin,337
Best Day Peanut Butter (Creamy),479
Best Day Peanut Butter (Chunky),479
Best Day Peanut Butter (Creamy),682*
Best Day Peanut Butter (Chunky),682*
Best Day Peanut Butter (Creamy),923*
Best Day Peanut Butter (Chunky),923*
Best Day Cling Film 100 Sqt,362
Best Day Clinf Film 200 Sqt,625
Best Day Wax Paper 32 Sqt,371
Best Day Baking Sheets 24 S,238
Best Day Baking Sheets 36 S,238
Best Day Cling Film 30Cm X 30M,438
Best Day Cling Film 45Cm X 50M,620
Best Day Mushroom Whole Tin 400G,335
Best Day Mushroom Pieces & Slice Tin 360G,325
Best Day Mushroom Whole Bottle 330G,475
Best Day Mushroom Slice Bottle 330G,475
Best Day Straw Mushroom 400G,510
Best Day Sweet Corn Tin 400G,300
Best Day Sweet Corn Tin 800G,625
Best Day Baby Corn Tin 425G,330
Best Day Fiesta Fruit Cocktail 227G,295
Best Day Fiesta Fruit Cocktail 836G,550
Best Day Tomato Paste China 400G,370
Best Day Tomato Paste China 800G,535
Best Day Tomato Paste China 210G,290
Best Day Black Olive Slice 3Kg,2160
Best Day Green Olives Slice 3Kg,2235
Best Day Slice Green Jalapeno Pepper 2.5Kg,1330
Best Day Mushroom Whole Tin 2.5Kg,2200
Best Day Mushroom Pieces & Slice Tin 2.5Kg,1600
Best Day Dry Mushroom 3Kg,15000
Best Day Sweet Corn Tin 2.5Kg,1725
Best Day Fiesta Fruit Cocktail 3Kg,1850
Best Day Pineapple Slices 3.05Kg,2500
Best Day Pineapple Broken Slice 3Kg,2000
Elvan Ibon Fruity Candy 148G,320.15
Elvan Toffix Chew 90G Strawberry,270.75
Elvan Toffix Chew 90G Apple,270.75
Elvan Toffix Chew 90G Orange,270.75
Elvan Toffix Chew 90G Cherry,270.75
Elvantoffix Chew 90G Asorted,270.75
Jelaxy Teeth Jelly 80G,308.75
Jelaxy Fruit Mix Jelly 80G,308.75
Jelaxy Ringo Jelly 80G,308.75
Jelaxy Sour Worms Jelly 80G,308.75
Jelxy Bears Jelly 80G,308.75
Jelaxy Love Jelly 80G,308.75
Perfect Matic Tea Rose Air Freshner,404.2
Perfect Matic Bloom Air Freshner,404.2
Perfect Matic Dream Air Freshner,404.2
Perfect Matic Soft Pink Air Freshner,404.2
Perfect Matic Life Air Freshner,404.2
Perfect Matic Pretty Lady Air Freshner,404.2
Perfect Matic Max Air Freshner,404.2
Perfect Matic Jeans Air Freshner,404.2
Perfect Matic Approach Air Freshner,404.2
Perfect Matic Gentleman Air Freshner,404.2
Perfect Matic 99 Air Freshner,404.2
Perfect Matic Game Over Air Freshner,404.2
Perfect Matic Entire Air Freshner,404.2
Perfect Matic Cool Air Freshner,404.2
Perfect Matic Summer Air Freshner,404.2
Perfect Matic Enjoy Air Freshner,404.2
Perfect Matic Royal Club Air Freshner,404.2
Perfect Matic Heaven Air Freshner,404.2
Perfect Matic Heaven Gold Air Freshner,404.2
Perfect Matic Mubarak Air Freshner,404.2
Perfect Matic Aslee Air Freshner,404.2
Perfect Matic Ghilaaf-E-Kaaba Air Freshner,404.2
Perfect Matic Oudh Al Haram Air Freshner,404.2
Perfect Matic Oudh Intense Air Freshner,404.2
Perfect Matic Oudh Ul Layl Air Freshner,404.2
Perfect Matic Dispenser 4 Flavours,2150
Perfect Matic Aslee Dispenser Refill 250 Ml,404.2
Perfect Matic Water Is Cool Dispenser Refill 250 Ml,404.2
Perfect Matic Magical Poison Dispenser Refill 250 Ml,404.2
Perfect Matic Heaven Dispenser Refill 250 Ml,404.2
Perfect Matic Lavender Garden Dispenser Refill 250 Ml,404.2
Perfect Matic Polo Club Dispenser Refill 250 Ml,404.2
Perfect Matic Exotic Jasmine Dispenser Refill 250 Ml,404.2
Perfect Matic Rose Dispenser Refill 250 Ml,404.2
Perfect Matic Azzaro Dispenser Refill 250 Ml,404.2
Perfect Matic Brut Dispenser Refill 250 Ml,404.2
Perfect Matic Boss Dispenser Refill 250 Ml,404.2
Perfect Matic Ck Dispenser Refill 250 Ml,404.2
Perfect Matic Sabaya Dispenser Refill 250 Ml,404.2
Perfect Matic Red Rose Dispenser Refill 250 Ml,404.2
Perfect Matic White Flower Dispenser Refill 250 Ml,404.2
Perfect Matic Cherry Blossom Dispenser Refill 250 Ml,404.2
Best Day Tropical Drink In Can 330Ml,350
Best Day Guava Drink In Can 330Ml,350
Best Day Mango Drink In Can 330Ml,350
Best Day Pineapple Drink In Can 330Ml,350
Best Day Lychee Drink In Can 330Ml,350
Best Day Strawberry Drink In Can 330Ml,350
Best Day Peach Drink In Can 330Ml,350
Best Day Strawberry Banana Drink In Can 330Ml,350
Best Day Coconut Drink With Pulp In Can 330Ml,350
Best Day Latte Iced Coffee In Can 250Ml,350
Best Day Mocha Iced Coffee In Can 250Ml,350
Best Day Capuccino Iced Coffee In Can 250Ml,350
Best Day Espresso Iced Coffee In Can 250Ml,350
Best Day Caramel Iced Coffee In Can 250Ml,350
Best Day Peach Popping Boba Bubble Drink In Can 320Ml,463
Best Day Mango Popping Boba Bubble Drink In Can 320Ml,463
Best Day Strawberry Popping Boba Bubble Drink In Can 320Ml,463
Best Day Lychee Popping Boba Bubble Drink In Can 320Ml,463
Best Day Tropical Popping Boba Bubble Drink In Can 320Ml,463
Poppin Gummy Jelly Red Can 60G ,320
Poppin Gummy Jelly Blue Can 60G ,320
Poppin Gummy Jelly Yelow Can 60G ,320
Poppin Gummy Jelly Purple Can 60G ,320
Poppin Gummy Jelly Orange Can 60G ,320
Poppin Gummy Jelly Green Can 60G ,320
Poppin Burger Jelly 9G Display,1760
Poppin Sandwich Jelly 9G Display,1760
Poppin Hot Dog Jelly 9G Display,1760
Poppin Waffle Cone Jelly 9G Display,1760
Poppin Burger Jelly 9G Box,2055
Poppin Burger Jelly 90G Bag,425
Poppin Sea World Jelly 8G Display,920
Poppin Gummy Cakes Jelly 28G Display,2055
Poppin Hot Dog Jelly 28G Display,2055
Poppin Giant Burger Jelly 18G Display,1845
Poppin Macaroon Jelly 15G Display,1845
Poppin Burger Jelly Multi Pack 168G,665
Poppin Pretty Patties Jelly 54G,455
Sosro Fruit Tea Apple Flavour 350Ml,435
Sosro Fruit Tea Black Currant Flavour 350Ml,435
Sosro Fruit Tea Freeze Flavour 350Ml,435
Sosro Fruit Tea Lemon Flavour 350Ml,435
Sosro Fruit Tea Passion Fruit Flavour 350Ml,435
Sosro Fruit Tea Strawberry Flavour 350Ml,435